<?xml version="1.0" encoding="UTF-8"?>
<manifest>
  <remote name="github" fetch="https://github.com" />/
  <project name="followmsi/android_vendor" path="vendor" remote="github" revision="flo-deb-aosp-oreo" />
  <project name="followmsi/android_device_asus_flo" path="device/asus/flo" remote="github" revision="aosp-oreo" />
  <project name="followmsi/android_device_asus_deb" path="device/asus/deb" remote="github" revision="aosp-oreo" />
  <remove-project name="platform/system/extras" />
  <project name="followmsi/android_system_extras" path="system/extras" remote="github" revision="aosp-oreo-su" />
  <remove-project name="platform/build" />
  <project name="followmsi/platform_build" path="build" remote="github" revision="flo-deb-aosp-o" />
  <remove-project name="platform/bionic" />
  <project name="followmsi/platform_bionic"  path="bionic"  remote="github" revision="flo-aosp-o" />
  <remove-project name="platform/frameworks/av" />
  <project name="followmsi/platform_frameworks_av" path="frameworks/av" remote="github" revision="flo-aosp-o" />
  <remove-project name="platform/frameworks/base" />
  <project name="followmsi/platform_frameworks_base" path="frameworks/base" remote="github" revision="flo-aosp-o" />
  <remove-project name="platform/frameworks/native" />
  <project name="followmsi/platform_frameworks_native" path="frameworks/native" remote="github" revision="flo-aosp-o" />
  <remove-project name="platform/external/strace" />
  <project name="followmsi/android_external_strace" path="external/strace" remote="github" revision="flo-aosp-o" />
  <remove-project name="platform/hardware/interfaces" />
  <project name="followmsi/android_hardware_interfaces" path="hardware/interfaces" remote="github" revision="flo-aosp-o" />
  <remove-project name="platform/hardware/qcom/audio" />
  <project name="followmsi/android_hardware_qcom_audio" path="hardware/qcom/audio" remote="github" revision="flo-aosp-o" />
  <remove-project name="platform/hardware/qcom/gps" />
  <project name="followmsi/android_hardware_qcom_gps" path="hardware/qcom/gps" remote="github" revision="flo-aosp-o" />
  <remove-project name="platform/hardware/qcom/media" />
  <project name="followmsi/android_hardware_qcom_media" path="hardware/qcom/media" groups="qcom" remote="github" revision="flo-aosp-o" />
  <remove-project name="platform/system/bt" />
  <project name="followmsi/android_system_bt" path="system/bt"  groups="pdk" remote="github" revision="flo-aosp-o" />
  <remove-project name="platform/system/core" />
  <project name="followmsi/platform_system_core" path="system/core"  groups="pdk" remote="github" revision="flo-aosp-o" />
  <remove-project name="platform/system/sepolicy" />
  <project name="followmsi/android_system_sepolicy" path="system/sepolicy" remote="github" revision="flo-aosp-o" />
  <remove-project name="platform/hardware/ril" />
  <project name="followmsi/android_hardware_ril" path="hardware/ril" remote="github" revision="flo-deb-lineage-15.1-caf-staging" />
</manifest>
